Sample_ID,Forward_Barcode,Reverse_Barcode
307,GCATCCACTCGACTCTCGCGTACCWGCGGARGGATCATTA,GCATCAGAGACTGCGACGAGATCCTGAGGGAAACTTCG
315,GCATCCACTCGACTCTCGCGTACCWGCGGARGGATCATTA,GCATCCAGAGAGTGCGCGCGCTCCTGAGGGAAACTTCG
323,GCATCCACTCGACTCTCGCGTACCWGCGGARGGATCATTA,GCATCCGCGCGTCGTCTCAGCTCCTGAGGGAAACTTCG
331,GCATCCACTCGACTCTCGCGTACCWGCGGARGGATCATTA,GCATCAGAGAGTACGATATGTTCCTGAGGGAAACTTCG
339,GCATCCACTCGACTCTCGCGTACCWGCGGARGGATCATTA,GCATCTCTGTAGTGCGTGCGCTCCTGAGGGAAACTTCG
347,GCATCCACTCGACTCTCGCGTACCWGCGGARGGATCATTA,GCATCATGTGCGTGTGTGTCTTCCTGAGGGAAACTTCG
355,GCATCCACTCGACTCTCGCGTACCWGCGGARGGATCATTA,GCATCCTCTCAGACGCTCGTCTCCTGAGGGAAACTTCG
363,GCATCCACTCGACTCTCGCGTACCWGCGGARGGATCATTA,GCATCTATCTCAGTGCGTGTGTCCTGAGGGAAACTTCG
371,GCATCCACTCGACTCTCGCGTACCWGCGGARGGATCATTA,GCATCTGTGTCTATACTCATCTCCTGAGGGAAACTTCG
379,GCATCCACTCGACTCTCGCGTACCWGCGGARGGATCATTA,GCATCTATAGACTATCTGAGATCCTGAGGGAAACTTCG
387,GCATCCACTCGACTCTCGCGTACCWGCGGARGGATCATTA,GCATCGTATGTGAGAGAGCGCTCCTGAGGGAAACTTCG
395,GCATCCACTCGACTCTCGCGTACCWGCGGARGGATCATTA,GCATCCACGCGACGCTCTCTATCCTGAGGGAAACTTCG
306,GCATCTCTGTATCTCTATGTGACCWGCGGARGGATCATTA,GCATCAGAGACTGCGACGAGATCCTGAGGGAAACTTCG
314,GCATCTCTGTATCTCTATGTGACCWGCGGARGGATCATTA,GCATCCAGAGAGTGCGCGCGCTCCTGAGGGAAACTTCG
322,GCATCTCTGTATCTCTATGTGACCWGCGGARGGATCATTA,GCATCCGCGCGTCGTCTCAGCTCCTGAGGGAAACTTCG
330,GCATCTCTGTATCTCTATGTGACCWGCGGARGGATCATTA,GCATCAGAGAGTACGATATGTTCCTGAGGGAAACTTCG
338,GCATCTCTGTATCTCTATGTGACCWGCGGARGGATCATTA,GCATCTCTGTAGTGCGTGCGCTCCTGAGGGAAACTTCG
346,GCATCTCTGTATCTCTATGTGACCWGCGGARGGATCATTA,GCATCATGTGCGTGTGTGTCTTCCTGAGGGAAACTTCG
354,GCATCTCTGTATCTCTATGTGACCWGCGGARGGATCATTA,GCATCCTCTCAGACGCTCGTCTCCTGAGGGAAACTTCG
362,GCATCTCTGTATCTCTATGTGACCWGCGGARGGATCATTA,GCATCTATCTCAGTGCGTGTGTCCTGAGGGAAACTTCG
370,GCATCTCTGTATCTCTATGTGACCWGCGGARGGATCATTA,GCATCTGTGTCTATACTCATCTCCTGAGGGAAACTTCG
378,GCATCTCTGTATCTCTATGTGACCWGCGGARGGATCATTA,GCATCTATAGACTATCTGAGATCCTGAGGGAAACTTCG
386,GCATCTCTGTATCTCTATGTGACCWGCGGARGGATCATTA,GCATCGTATGTGAGAGAGCGCTCCTGAGGGAAACTTCG
394,GCATCTCTGTATCTCTATGTGACCWGCGGARGGATCATTA,GCATCCACGCGACGCTCTCTATCCTGAGGGAAACTTCG
305,GCATCACAGTCGAGCGCTGCGACCWGCGGARGGATCATTA,GCATCAGAGACTGCGACGAGATCCTGAGGGAAACTTCG
313,GCATCACAGTCGAGCGCTGCGACCWGCGGARGGATCATTA,GCATCCAGAGAGTGCGCGCGCTCCTGAGGGAAACTTCG
321,GCATCACAGTCGAGCGCTGCGACCWGCGGARGGATCATTA,GCATCCGCGCGTCGTCTCAGCTCCTGAGGGAAACTTCG
329,GCATCACAGTCGAGCGCTGCGACCWGCGGARGGATCATTA,GCATCAGAGAGTACGATATGTTCCTGAGGGAAACTTCG
337,GCATCACAGTCGAGCGCTGCGACCWGCGGARGGATCATTA,GCATCTCTGTAGTGCGTGCGCTCCTGAGGGAAACTTCG
345,GCATCACAGTCGAGCGCTGCGACCWGCGGARGGATCATTA,GCATCATGTGCGTGTGTGTCTTCCTGAGGGAAACTTCG
353,GCATCACAGTCGAGCGCTGCGACCWGCGGARGGATCATTA,GCATCCTCTCAGACGCTCGTCTCCTGAGGGAAACTTCG
361,GCATCACAGTCGAGCGCTGCGACCWGCGGARGGATCATTA,GCATCTATCTCAGTGCGTGTGTCCTGAGGGAAACTTCG
369,GCATCACAGTCGAGCGCTGCGACCWGCGGARGGATCATTA,GCATCTGTGTCTATACTCATCTCCTGAGGGAAACTTCG
377,GCATCACAGTCGAGCGCTGCGACCWGCGGARGGATCATTA,GCATCTATAGACTATCTGAGATCCTGAGGGAAACTTCG
385,GCATCACAGTCGAGCGCTGCGACCWGCGGARGGATCATTA,GCATCGTATGTGAGAGAGCGCTCCTGAGGGAAACTTCG
393,GCATCACAGTCGAGCGCTGCGACCWGCGGARGGATCATTA,GCATCCACGCGACGCTCTCTATCCTGAGGGAAACTTCG
304,GCATCACACTAGATCGCGTGTACCWGCGGARGGATCATTA,GCATCAGAGACTGCGACGAGATCCTGAGGGAAACTTCG
312,GCATCACACTAGATCGCGTGTACCWGCGGARGGATCATTA,GCATCCAGAGAGTGCGCGCGCTCCTGAGGGAAACTTCG
320,GCATCACACTAGATCGCGTGTACCWGCGGARGGATCATTA,GCATCCGCGCGTCGTCTCAGCTCCTGAGGGAAACTTCG
328,GCATCACACTAGATCGCGTGTACCWGCGGARGGATCATTA,GCATCAGAGAGTACGATATGTTCCTGAGGGAAACTTCG
336,GCATCACACTAGATCGCGTGTACCWGCGGARGGATCATTA,GCATCTCTGTAGTGCGTGCGCTCCTGAGGGAAACTTCG
344,GCATCACACTAGATCGCGTGTACCWGCGGARGGATCATTA,GCATCATGTGCGTGTGTGTCTTCCTGAGGGAAACTTCG
352,GCATCACACTAGATCGCGTGTACCWGCGGARGGATCATTA,GCATCCTCTCAGACGCTCGTCTCCTGAGGGAAACTTCG
360,GCATCACACTAGATCGCGTGTACCWGCGGARGGATCATTA,GCATCTATCTCAGTGCGTGTGTCCTGAGGGAAACTTCG
368,GCATCACACTAGATCGCGTGTACCWGCGGARGGATCATTA,GCATCTGTGTCTATACTCATCTCCTGAGGGAAACTTCG
376,GCATCACACTAGATCGCGTGTACCWGCGGARGGATCATTA,GCATCTATAGACTATCTGAGATCCTGAGGGAAACTTCG
384,GCATCACACTAGATCGCGTGTACCWGCGGARGGATCATTA,GCATCGTATGTGAGAGAGCGCTCCTGAGGGAAACTTCG
392,GCATCACACTAGATCGCGTGTACCWGCGGARGGATCATTA,GCATCCACGCGACGCTCTCTATCCTGAGGGAAACTTCG
303,GCATCCGCATGACACGTGTGTACCWGCGGARGGATCATTA,GCATCAGAGACTGCGACGAGATCCTGAGGGAAACTTCG
311,GCATCCGCATGACACGTGTGTACCWGCGGARGGATCATTA,GCATCCAGAGAGTGCGCGCGCTCCTGAGGGAAACTTCG
319,GCATCCGCATGACACGTGTGTACCWGCGGARGGATCATTA,GCATCCGCGCGTCGTCTCAGCTCCTGAGGGAAACTTCG
327,GCATCCGCATGACACGTGTGTACCWGCGGARGGATCATTA,GCATCAGAGAGTACGATATGTTCCTGAGGGAAACTTCG
335,GCATCCGCATGACACGTGTGTACCWGCGGARGGATCATTA,GCATCTCTGTAGTGCGTGCGCTCCTGAGGGAAACTTCG
343,GCATCCGCATGACACGTGTGTACCWGCGGARGGATCATTA,GCATCATGTGCGTGTGTGTCTTCCTGAGGGAAACTTCG
351,GCATCCGCATGACACGTGTGTACCWGCGGARGGATCATTA,GCATCCTCTCAGACGCTCGTCTCCTGAGGGAAACTTCG
359,GCATCCGCATGACACGTGTGTACCWGCGGARGGATCATTA,GCATCTATCTCAGTGCGTGTGTCCTGAGGGAAACTTCG
367,GCATCCGCATGACACGTGTGTACCWGCGGARGGATCATTA,GCATCTGTGTCTATACTCATCTCCTGAGGGAAACTTCG
375,GCATCCGCATGACACGTGTGTACCWGCGGARGGATCATTA,GCATCTATAGACTATCTGAGATCCTGAGGGAAACTTCG
383,GCATCCGCATGACACGTGTGTACCWGCGGARGGATCATTA,GCATCGTATGTGAGAGAGCGCTCCTGAGGGAAACTTCG
391,GCATCCGCATGACACGTGTGTACCWGCGGARGGATCATTA,GCATCCACGCGACGCTCTCTATCCTGAGGGAAACTTCG
302,GCATCCACGACACGACGATGTACCWGCGGARGGATCATTA,GCATCAGAGACTGCGACGAGATCCTGAGGGAAACTTCG
310,GCATCCACGACACGACGATGTACCWGCGGARGGATCATTA,GCATCCAGAGAGTGCGCGCGCTCCTGAGGGAAACTTCG
318,GCATCCACGACACGACGATGTACCWGCGGARGGATCATTA,GCATCCGCGCGTCGTCTCAGCTCCTGAGGGAAACTTCG
326,GCATCCACGACACGACGATGTACCWGCGGARGGATCATTA,GCATCAGAGAGTACGATATGTTCCTGAGGGAAACTTCG
334,GCATCCACGACACGACGATGTACCWGCGGARGGATCATTA,GCATCTCTGTAGTGCGTGCGCTCCTGAGGGAAACTTCG
342,GCATCCACGACACGACGATGTACCWGCGGARGGATCATTA,GCATCATGTGCGTGTGTGTCTTCCTGAGGGAAACTTCG
350,GCATCCACGACACGACGATGTACCWGCGGARGGATCATTA,GCATCCTCTCAGACGCTCGTCTCCTGAGGGAAACTTCG
358,GCATCCACGACACGACGATGTACCWGCGGARGGATCATTA,GCATCTATCTCAGTGCGTGTGTCCTGAGGGAAACTTCG
366,GCATCCACGACACGACGATGTACCWGCGGARGGATCATTA,GCATCTGTGTCTATACTCATCTCCTGAGGGAAACTTCG
374,GCATCCACGACACGACGATGTACCWGCGGARGGATCATTA,GCATCTATAGACTATCTGAGATCCTGAGGGAAACTTCG
382,GCATCCACGACACGACGATGTACCWGCGGARGGATCATTA,GCATCGTATGTGAGAGAGCGCTCCTGAGGGAAACTTCG
390,GCATCCACGACACGACGATGTACCWGCGGARGGATCATTA,GCATCCACGCGACGCTCTCTATCCTGAGGGAAACTTCG
301,GCATCCACTCACGTGTGATATACCWGCGGARGGATCATTA,GCATCAGAGACTGCGACGAGATCCTGAGGGAAACTTCG
309,GCATCCACTCACGTGTGATATACCWGCGGARGGATCATTA,GCATCCAGAGAGTGCGCGCGCTCCTGAGGGAAACTTCG
317,GCATCCACTCACGTGTGATATACCWGCGGARGGATCATTA,GCATCCGCGCGTCGTCTCAGCTCCTGAGGGAAACTTCG
325,GCATCCACTCACGTGTGATATACCWGCGGARGGATCATTA,GCATCAGAGAGTACGATATGTTCCTGAGGGAAACTTCG
333,GCATCCACTCACGTGTGATATACCWGCGGARGGATCATTA,GCATCTCTGTAGTGCGTGCGCTCCTGAGGGAAACTTCG
341,GCATCCACTCACGTGTGATATACCWGCGGARGGATCATTA,GCATCATGTGCGTGTGTGTCTTCCTGAGGGAAACTTCG
349,GCATCCACTCACGTGTGATATACCWGCGGARGGATCATTA,GCATCCTCTCAGACGCTCGTCTCCTGAGGGAAACTTCG
357,GCATCCACTCACGTGTGATATACCWGCGGARGGATCATTA,GCATCTATCTCAGTGCGTGTGTCCTGAGGGAAACTTCG
365,GCATCCACTCACGTGTGATATACCWGCGGARGGATCATTA,GCATCTGTGTCTATACTCATCTCCTGAGGGAAACTTCG
373,GCATCCACTCACGTGTGATATACCWGCGGARGGATCATTA,GCATCTATAGACTATCTGAGATCCTGAGGGAAACTTCG
381,GCATCCACTCACGTGTGATATACCWGCGGARGGATCATTA,GCATCGTATGTGAGAGAGCGCTCCTGAGGGAAACTTCG
389,GCATCCACTCACGTGTGATATACCWGCGGARGGATCATTA,GCATCCACGCGACGCTCTCTATCCTGAGGGAAACTTCG
300,GCATCCATGTAGAGCAGAGAGACCWGCGGARGGATCATTA,GCATCAGAGACTGCGACGAGATCCTGAGGGAAACTTCG
308,GCATCCATGTAGAGCAGAGAGACCWGCGGARGGATCATTA,GCATCCAGAGAGTGCGCGCGCTCCTGAGGGAAACTTCG
316,GCATCCATGTAGAGCAGAGAGACCWGCGGARGGATCATTA,GCATCCGCGCGTCGTCTCAGCTCCTGAGGGAAACTTCG
324,GCATCCATGTAGAGCAGAGAGACCWGCGGARGGATCATTA,GCATCAGAGAGTACGATATGTTCCTGAGGGAAACTTCG
332,GCATCCATGTAGAGCAGAGAGACCWGCGGARGGATCATTA,GCATCTCTGTAGTGCGTGCGCTCCTGAGGGAAACTTCG
340,GCATCCATGTAGAGCAGAGAGACCWGCGGARGGATCATTA,GCATCATGTGCGTGTGTGTCTTCCTGAGGGAAACTTCG
380,GCATCCATGTAGAGCAGAGAGACCWGCGGARGGATCATTA,GCATCCTCTCAGACGCTCGTCTCCTGAGGGAAACTTCG
356,GCATCCATGTAGAGCAGAGAGACCWGCGGARGGATCATTA,GCATCTATCTCAGTGCGTGTGTCCTGAGGGAAACTTCG
364,GCATCCATGTAGAGCAGAGAGACCWGCGGARGGATCATTA,GCATCTGTGTCTATACTCATCTCCTGAGGGAAACTTCG
372,GCATCCATGTAGAGCAGAGAGACCWGCGGARGGATCATTA,GCATCTATAGACTATCTGAGATCCTGAGGGAAACTTCG
PC3,GCATCCATGTAGAGCAGAGAGACCWGCGGARGGATCATTA,GCATCGTATGTGAGAGAGCGCTCCTGAGGGAAACTTCG
NC3,GCATCCATGTAGAGCAGAGAGACCWGCGGARGGATCATTA,GCATCCACGCGACGCTCTCTATCCTGAGGGAAACTTCG
CS8,GCATCCACTCGACTCTCGCGTACCWGCGGARGGATCATTA,GCATCGAGAGCGCGAGTGCACTCCTGAGGGAAACTTCG
CS16,GCATCCACTCGACTCTCGCGTACCWGCGGARGGATCATTA,GCATCGTGCTCTGTGTGTCACTCCTGAGGGAAACTTCG
CS24,GCATCCACTCGACTCTCGCGTACCWGCGGARGGATCATTA,GCATCTGCGTGTATGTCATATTCCTGAGGGAAACTTCG
CS34,GCATCCACTCGACTCTCGCGTACCWGCGGARGGATCATTA,GCATCACGAGATACTCGCGCGTCCTGAGGGAAACTTCG
450,GCATCCACTCGACTCTCGCGTACCWGCGGARGGATCATTA,GCATCCTGTGTAGAGAGCACATCCTGAGGGAAACTTCG
415,GCATCCACTCGACTCTCGCGTACCWGCGGARGGATCATTA,GCATCTGATGTGACACTGCGCTCCTGAGGGAAACTTCG
439,GCATCCACTCGACTCTCGCGTACCWGCGGARGGATCATTA,GCATCACTACTGAGACATAGATCCTGAGGGAAACTTCG
447,GCATCCACTCGACTCTCGCGTACCWGCGGARGGATCATTA,GCATCTATATCGCGTCGCTATTCCTGAGGGAAACTTCG
463,GCATCCACTCGACTCTCGCGTACCWGCGGARGGATCATTA,GCATCGCGTACTGCGACTGTGTCCTGAGGGAAACTTCG
472,GCATCCACTCGACTCTCGCGTACCWGCGGARGGATCATTA,GCATCATATATGCACGCTCTATCCTGAGGGAAACTTCG
479,GCATCCACTCGACTCTCGCGTACCWGCGGARGGATCATTA,GCATCCGCTGTATACACGCTCTCCTGAGGGAAACTTCG
486,GCATCCACTCGACTCTCGCGTACCWGCGGARGGATCATTA,GCATCAGAGACTGTAGCGCACTCCTGAGGGAAACTTCG
CS7,GCATCTCTGTATCTCTATGTGACCWGCGGARGGATCATTA,GCATCGAGAGCGCGAGTGCACTCCTGAGGGAAACTTCG
CS15,GCATCTCTGTATCTCTATGTGACCWGCGGARGGATCATTA,GCATCGTGCTCTGTGTGTCACTCCTGAGGGAAACTTCG
CS23,GCATCTCTGTATCTCTATGTGACCWGCGGARGGATCATTA,GCATCTGCGTGTATGTCATATTCCTGAGGGAAACTTCG
CS33,GCATCTCTGTATCTCTATGTGACCWGCGGARGGATCATTA,GCATCACGAGATACTCGCGCGTCCTGAGGGAAACTTCG
449,GCATCTCTGTATCTCTATGTGACCWGCGGARGGATCATTA,GCATCCTGTGTAGAGAGCACATCCTGAGGGAAACTTCG
414,GCATCTCTGTATCTCTATGTGACCWGCGGARGGATCATTA,GCATCTGATGTGACACTGCGCTCCTGAGGGAAACTTCG
438,GCATCTCTGTATCTCTATGTGACCWGCGGARGGATCATTA,GCATCACTACTGAGACATAGATCCTGAGGGAAACTTCG
446,GCATCTCTGTATCTCTATGTGACCWGCGGARGGATCATTA,GCATCTATATCGCGTCGCTATTCCTGAGGGAAACTTCG
462,GCATCTCTGTATCTCTATGTGACCWGCGGARGGATCATTA,GCATCGCGTACTGCGACTGTGTCCTGAGGGAAACTTCG
471,GCATCTCTGTATCTCTATGTGACCWGCGGARGGATCATTA,GCATCATATATGCACGCTCTATCCTGAGGGAAACTTCG
478,GCATCTCTGTATCTCTATGTGACCWGCGGARGGATCATTA,GCATCCGCTGTATACACGCTCTCCTGAGGGAAACTTCG
485,GCATCTCTGTATCTCTATGTGACCWGCGGARGGATCATTA,GCATCAGAGACTGTAGCGCACTCCTGAGGGAAACTTCG
CS6,GCATCACAGTCGAGCGCTGCGACCWGCGGARGGATCATTA,GCATCGAGAGCGCGAGTGCACTCCTGAGGGAAACTTCG
CS14,GCATCACAGTCGAGCGCTGCGACCWGCGGARGGATCATTA,GCATCGTGCTCTGTGTGTCACTCCTGAGGGAAACTTCG
CS22,GCATCACAGTCGAGCGCTGCGACCWGCGGARGGATCATTA,GCATCTGCGTGTATGTCATATTCCTGAGGGAAACTTCG
CS32,GCATCACAGTCGAGCGCTGCGACCWGCGGARGGATCATTA,GCATCACGAGATACTCGCGCGTCCTGAGGGAAACTTCG
448,GCATCACAGTCGAGCGCTGCGACCWGCGGARGGATCATTA,GCATCCTGTGTAGAGAGCACATCCTGAGGGAAACTTCG
413,GCATCACAGTCGAGCGCTGCGACCWGCGGARGGATCATTA,GCATCTGATGTGACACTGCGCTCCTGAGGGAAACTTCG
437,GCATCACAGTCGAGCGCTGCGACCWGCGGARGGATCATTA,GCATCACTACTGAGACATAGATCCTGAGGGAAACTTCG
445,GCATCACAGTCGAGCGCTGCGACCWGCGGARGGATCATTA,GCATCTATATCGCGTCGCTATTCCTGAGGGAAACTTCG
461,GCATCACAGTCGAGCGCTGCGACCWGCGGARGGATCATTA,GCATCGCGTACTGCGACTGTGTCCTGAGGGAAACTTCG
470,GCATCACAGTCGAGCGCTGCGACCWGCGGARGGATCATTA,GCATCATATATGCACGCTCTATCCTGAGGGAAACTTCG
477,GCATCACAGTCGAGCGCTGCGACCWGCGGARGGATCATTA,GCATCCGCTGTATACACGCTCTCCTGAGGGAAACTTCG
484,GCATCACAGTCGAGCGCTGCGACCWGCGGARGGATCATTA,GCATCAGAGACTGTAGCGCACTCCTGAGGGAAACTTCG
CS5,GCATCACACTAGATCGCGTGTACCWGCGGARGGATCATTA,GCATCGAGAGCGCGAGTGCACTCCTGAGGGAAACTTCG
CS13,GCATCACACTAGATCGCGTGTACCWGCGGARGGATCATTA,GCATCGTGCTCTGTGTGTCACTCCTGAGGGAAACTTCG
CS21,GCATCACACTAGATCGCGTGTACCWGCGGARGGATCATTA,GCATCTGCGTGTATGTCATATTCCTGAGGGAAACTTCG
CS30,GCATCACACTAGATCGCGTGTACCWGCGGARGGATCATTA,GCATCACGAGATACTCGCGCGTCCTGAGGGAAACTTCG
CS40,GCATCACACTAGATCGCGTGTACCWGCGGARGGATCATTA,GCATCCTGTGTAGAGAGCACATCCTGAGGGAAACTTCG
412,GCATCACACTAGATCGCGTGTACCWGCGGARGGATCATTA,GCATCTGATGTGACACTGCGCTCCTGAGGGAAACTTCG
436,GCATCACACTAGATCGCGTGTACCWGCGGARGGATCATTA,GCATCACTACTGAGACATAGATCCTGAGGGAAACTTCG
444,GCATCACACTAGATCGCGTGTACCWGCGGARGGATCATTA,GCATCTATATCGCGTCGCTATTCCTGAGGGAAACTTCG
460,GCATCACACTAGATCGCGTGTACCWGCGGARGGATCATTA,GCATCGCGTACTGCGACTGTGTCCTGAGGGAAACTTCG
469,GCATCACACTAGATCGCGTGTACCWGCGGARGGATCATTA,GCATCATATATGCACGCTCTATCCTGAGGGAAACTTCG
476,GCATCACACTAGATCGCGTGTACCWGCGGARGGATCATTA,GCATCCGCTGTATACACGCTCTCCTGAGGGAAACTTCG
483,GCATCACACTAGATCGCGTGTACCWGCGGARGGATCATTA,GCATCAGAGACTGTAGCGCACTCCTGAGGGAAACTTCG
CS4,GCATCCGCATGACACGTGTGTACCWGCGGARGGATCATTA,GCATCGAGAGCGCGAGTGCACTCCTGAGGGAAACTTCG
CS12,GCATCCGCATGACACGTGTGTACCWGCGGARGGATCATTA,GCATCGTGCTCTGTGTGTCACTCCTGAGGGAAACTTCG
CS20,GCATCCGCATGACACGTGTGTACCWGCGGARGGATCATTA,GCATCTGCGTGTATGTCATATTCCTGAGGGAAACTTCG
CS28,GCATCCGCATGACACGTGTGTACCWGCGGARGGATCATTA,GCATCACGAGATACTCGCGCGTCCTGAGGGAAACTTCG
CS39,GCATCCGCATGACACGTGTGTACCWGCGGARGGATCATTA,GCATCCTGTGTAGAGAGCACATCCTGAGGGAAACTTCG
411,GCATCCGCATGACACGTGTGTACCWGCGGARGGATCATTA,GCATCTGATGTGACACTGCGCTCCTGAGGGAAACTTCG
435,GCATCCGCATGACACGTGTGTACCWGCGGARGGATCATTA,GCATCACTACTGAGACATAGATCCTGAGGGAAACTTCG
443,GCATCCGCATGACACGTGTGTACCWGCGGARGGATCATTA,GCATCTATATCGCGTCGCTATTCCTGAGGGAAACTTCG
459,GCATCCGCATGACACGTGTGTACCWGCGGARGGATCATTA,GCATCGCGTACTGCGACTGTGTCCTGAGGGAAACTTCG
468,GCATCCGCATGACACGTGTGTACCWGCGGARGGATCATTA,GCATCATATATGCACGCTCTATCCTGAGGGAAACTTCG
475,GCATCCGCATGACACGTGTGTACCWGCGGARGGATCATTA,GCATCCGCTGTATACACGCTCTCCTGAGGGAAACTTCG
482,GCATCCGCATGACACGTGTGTACCWGCGGARGGATCATTA,GCATCAGAGACTGTAGCGCACTCCTGAGGGAAACTTCG
CS3,GCATCCACGACACGACGATGTACCWGCGGARGGATCATTA,GCATCGAGAGCGCGAGTGCACTCCTGAGGGAAACTTCG
CS11,GCATCCACGACACGACGATGTACCWGCGGARGGATCATTA,GCATCGTGCTCTGTGTGTCACTCCTGAGGGAAACTTCG
CS19,GCATCCACGACACGACGATGTACCWGCGGARGGATCATTA,GCATCTGCGTGTATGTCATATTCCTGAGGGAAACTTCG
CS27,GCATCCACGACACGACGATGTACCWGCGGARGGATCATTA,GCATCACGAGATACTCGCGCGTCCTGAGGGAAACTTCG
CS38,GCATCCACGACACGACGATGTACCWGCGGARGGATCATTA,GCATCCTGTGTAGAGAGCACATCCTGAGGGAAACTTCG
410,GCATCCACGACACGACGATGTACCWGCGGARGGATCATTA,GCATCTGATGTGACACTGCGCTCCTGAGGGAAACTTCG
434,GCATCCACGACACGACGATGTACCWGCGGARGGATCATTA,GCATCACTACTGAGACATAGATCCTGAGGGAAACTTCG
442,GCATCCACGACACGACGATGTACCWGCGGARGGATCATTA,GCATCTATATCGCGTCGCTATTCCTGAGGGAAACTTCG
458,GCATCCACGACACGACGATGTACCWGCGGARGGATCATTA,GCATCGCGTACTGCGACTGTGTCCTGAGGGAAACTTCG
467,GCATCCACGACACGACGATGTACCWGCGGARGGATCATTA,GCATCATATATGCACGCTCTATCCTGAGGGAAACTTCG
474,GCATCCACGACACGACGATGTACCWGCGGARGGATCATTA,GCATCCGCTGTATACACGCTCTCCTGAGGGAAACTTCG
481,GCATCCACGACACGACGATGTACCWGCGGARGGATCATTA,GCATCAGAGACTGTAGCGCACTCCTGAGGGAAACTTCG
CS2,GCATCCACTCACGTGTGATATACCWGCGGARGGATCATTA,GCATCGAGAGCGCGAGTGCACTCCTGAGGGAAACTTCG
CS10,GCATCCACTCACGTGTGATATACCWGCGGARGGATCATTA,GCATCGTGCTCTGTGTGTCACTCCTGAGGGAAACTTCG
CS18,GCATCCACTCACGTGTGATATACCWGCGGARGGATCATTA,GCATCTGCGTGTATGTCATATTCCTGAGGGAAACTTCG
CS26,GCATCCACTCACGTGTGATATACCWGCGGARGGATCATTA,GCATCACGAGATACTCGCGCGTCCTGAGGGAAACTTCG
CS37,GCATCCACTCACGTGTGATATACCWGCGGARGGATCATTA,GCATCCTGTGTAGAGAGCACATCCTGAGGGAAACTTCG
409,GCATCCACTCACGTGTGATATACCWGCGGARGGATCATTA,GCATCTGATGTGACACTGCGCTCCTGAGGGAAACTTCG
433,GCATCCACTCACGTGTGATATACCWGCGGARGGATCATTA,GCATCACTACTGAGACATAGATCCTGAGGGAAACTTCG
441,GCATCCACTCACGTGTGATATACCWGCGGARGGATCATTA,GCATCTATATCGCGTCGCTATTCCTGAGGGAAACTTCG
457,GCATCCACTCACGTGTGATATACCWGCGGARGGATCATTA,GCATCGCGTACTGCGACTGTGTCCTGAGGGAAACTTCG
465,GCATCCACTCACGTGTGATATACCWGCGGARGGATCATTA,GCATCATATATGCACGCTCTATCCTGAGGGAAACTTCG
473,GCATCCACTCACGTGTGATATACCWGCGGARGGATCATTA,GCATCCGCTGTATACACGCTCTCCTGAGGGAAACTTCG
480,GCATCCACTCACGTGTGATATACCWGCGGARGGATCATTA,GCATCAGAGACTGTAGCGCACTCCTGAGGGAAACTTCG
CS1,GCATCCATGTAGAGCAGAGAGACCWGCGGARGGATCATTA,GCATCGAGAGCGCGAGTGCACTCCTGAGGGAAACTTCG
CS9,GCATCCATGTAGAGCAGAGAGACCWGCGGARGGATCATTA,GCATCGTGCTCTGTGTGTCACTCCTGAGGGAAACTTCG
CS17,GCATCCATGTAGAGCAGAGAGACCWGCGGARGGATCATTA,GCATCTGCGTGTATGTCATATTCCTGAGGGAAACTTCG
CS25,GCATCCATGTAGAGCAGAGAGACCWGCGGARGGATCATTA,GCATCACGAGATACTCGCGCGTCCTGAGGGAAACTTCG
CS35,GCATCCATGTAGAGCAGAGAGACCWGCGGARGGATCATTA,GCATCCTGTGTAGAGAGCACATCCTGAGGGAAACTTCG
408,GCATCCATGTAGAGCAGAGAGACCWGCGGARGGATCATTA,GCATCTGATGTGACACTGCGCTCCTGAGGGAAACTTCG
432,GCATCCATGTAGAGCAGAGAGACCWGCGGARGGATCATTA,GCATCACTACTGAGACATAGATCCTGAGGGAAACTTCG
440,GCATCCATGTAGAGCAGAGAGACCWGCGGARGGATCATTA,GCATCTATATCGCGTCGCTATTCCTGAGGGAAACTTCG
456,GCATCCATGTAGAGCAGAGAGACCWGCGGARGGATCATTA,GCATCGCGTACTGCGACTGTGTCCTGAGGGAAACTTCG
464,GCATCCATGTAGAGCAGAGAGACCWGCGGARGGATCATTA,GCATCATATATGCACGCTCTATCCTGAGGGAAACTTCG
PC4,GCATCCATGTAGAGCAGAGAGACCWGCGGARGGATCATTA,GCATCCGCTGTATACACGCTCTCCTGAGGGAAACTTCG
NC4,GCATCCATGTAGAGCAGAGAGACCWGCGGARGGATCATTA,GCATCAGAGACTGTAGCGCACTCCTGAGGGAAACTTCG